,name,desc
0,Netezza,IBMNetezza:high-performancedatawarehouseappliances
1,Accumulo,"ApacheAccumulo:distribuitedkey/valuestore,builton Hadoop"
2,Monet,MonetDB:columnstoredatabase
3,Proxy,ProxySQL:HighPerformanceProxyforMySQL
4,Level,LevelDB:afastkey-valuestoragelibrarywrittenatGooglethatprovidesanorderedmappingfromstringkeystostringvalues
5,Cosmos,MicrosoftCosmos:MicrosoftsinternalBigDataanalysisplatform
6,Memcache,MemcacheDB:adistributedkey-valuestoragesystemdesignedforpersistent
7,Stream,"MicrosoftAzureStreamAnalytics:aneventprocessingenginethathelpsuncoverreal-timeinsightsfromdevices,sensors,infrastructure,applicationsanddata"
8,Pigpen,NetflixPigPen:map-reduceforClojurewhichecompilestoApachePig
9,Zalonibedrock,ZaloniBedrock:fullyintegratedHadoopdatamanagementplatform
10,Peity,"Peity:ProgressiveSVGbar,lineandpiecharts"
11,Ayasdicore,AyasdiCore:toolfortopologicaldataanalysis
12,Squarecubism,"SquareCubism.js:aD3pluginforvisualizingtimeseries.UseCubismtoconstructbetterrealtimedashboards,pullingdatafromGraphite,Cubeandothersources"
13,Minotaur,Minotaur:scripts/recipes/configstospinupVPC-basedinfrastructureinAWSfromscratchanddeploylabstoit
14,Keylines,Keylines:toolkitforvisualizingthenetworksinyourdata
15,Unicorn,FacebookUnicorn:socialgraphsearchplatform
16,Akela,"Akela:MozillasutilitylibraryforHadoop,HBase,Pig,etc."
17,Openmpi,OpenMPI:messagepassingframework
18,Eureka,NetflixEureka:AWSServiceregistryforresilientmid-tierloadbalancingandfailover
19,Machinelearning,AmazonMachineLearning:visualizationtoolsandwizardsthatguideyouthroughtheprocessofcreatingmachinelearning(ML)modelswithouthavingtolearncomplexMLalgorithmsandtechnology
20,Aerospike,"Aerospike:NoSQLflash-optimized,in-memory.Opensourceand“Servercodein‘C(notJavaorErlang)preciselytunedtoavoidcontextswitchingandmemorycopies."
21,Bigtable,GoogleBigTable:column-orienteddistributeddatastore
22,Envisionjs,Envisionjs:dynamicHTML5visualization
23,Discoddfs,DiscoDDFS:distributedfilesystem
24,Hekaton,Hekaton:Refertolock-freearchitectureforSQLServer2014
25,Galera,"GaleraCluster:asynchronousmulti-masterclusterforMySQL,PerconaandMariaDB"
26,Cockroach,"Cockroach:Scalable,Geo-Replicated,TransactionalDatastore"
27,Arrow,ApacheArrow:PoweringColumnarIn-MemoryAnalytics
28,Genie,"Genie:GenieprovidesREST-fulAPIstorunHadoop,HiveandPigjobs,andtomanagemultipleHadoopresourcesandperformjobsubmissionsacrossthem."
29,Presto,FacebookPrestoDB:distributedSQLqueryengine
30,Concurrentcascading,ConcurrentCascading:frameworkfordatamanagement/analyticsonHadoop
31,Elasticsearch,ElasticSearch:SearchandanalyticsenginebasedonApache Lucene
32,Periscope,"Periscope:plugsdirectlyintoyourdatabasesandletsyourun,save,andshareanalysesoverbillionsofdatarowsinseconds"
33,Zillabyte,Zillabyte:anAPIfordistributeddatacomputation.Scalewithyourdata.
34,Torch,Torch:ScientificcomputingforLuaJIT
35,Ipython,IPython:providesaricharchitectureforinteractivecomputing
36,Crane,TwitterCrane:JavaETL
37,Atigeoxpatterns,AtigeoxPatterns:dataanalyticsplatform
38,Cratedata,CrateData:isanopensourcemassivelyscalabledatastore.Itrequireszeroadministration
39,Squarecube,SquareCube:systemforcollectingtimestampedeventsandderivingmetrics
40,Marconi,"Marconi:queuingandnotificationservicemadebyandforOpenStack,butnotonlyforit"
41,Neflixsimianarmy,NeflixSimianArmy:asuiteoftoolsforkeepingyourcloudoperatingintopform
42,Vertica,"Vertica:isdesignedtomanagelarge,fast-growingvolumesofdataandprovideveryfastqueryperformancewhenusedfordatawarehouses"
43,Brain,brain:NeuralnetworksinJavaScript
44,Symmetricds,SymmetricDS:opensourcesoftwareforbothfileanddatabasesynchronization
45,Springfor,"SpringforApacheHadoop:unifiedconfigurationmodelandeasytouseAPIsforusingHDFS,MapReduce,Pig,andHive"
46,Rethink,RethinkDB:documentdatabasethatsupportsqueriesliketablejoinsandgroupby
47,Mongo,MongoDB:Document-orienteddatabasesystem
48,Adatao,Adatao:businessintelligenceanddatascienceplatform
49,Spindle,"AdobeSpindle:Next-generationwebanalyticsprocessingwithScala,Spark,andParquet"
50,Ampcrowd,AMPcrowd:ARESTfulwebservicethatrunsmicrotasksacrossmultiplecrowds
51,Colossus,GoogleColossus:distributedfilesystem(GFS2)
52,Scalding,"TwitterScalding:ScalalibraryforMapReducejobs,builtonCascading"
53,Redshift,"AmazonRedShift:datawarehouseservice,basedonPostgreSQL"
54,Chronix,Chronix:fastandefficienttimeseriesstoragebasedonApacheLuceneandApacheSolr
55,Hystrix,"NetflixHystrix:alatencyandfaulttolerancelibrarydesignedtoisolatepointsofaccesstoremotesystems,servicesand3rdpartylibraries,stopcascadingfailureandenableresilienceincomplexdistributedsystemswherefailureisinevitable"
56,Splunk,Splunk:analyzerformachine-generateddate
57,Hcatalog,ApacheHCatalog:tableandstoragemanagementlayerforHadoop
58,Datawarehouse,"MicrosoftAzureSQLDataWarehouse:businessesaccesstoanelasticpetabyte-scale,datawarehouse-as-a-serviceofferingthatcanscaleaccordingtotheirneeds"
59,Predictionio,"PredictionIO:machinelearningserverbuitonHadoop,MahoutandCascading"
60,Manhattan,"TwitterManhattan:real-time,multi-tenantdistributeddatabaseforTwitterscale"
61,Celery,Celery:DistributedTaskQueue
62,Zeppelin,ApacheZeppelin:aweb-basednotebookthatenablesinteractivedataanalytics
63,Voldemort,LinkedinVoldemort:distributedkey/valuestoragesystem
64,Cortana,MicrosoftCortanaAnalytics:afullymanagedbigdataandadvancedanalyticssuitethatenablesyoutotransformyourdataintointelligentaction.
65,Sense,Sense:CloudPlatformforDataScienceandBigDataAnalytics
66,Pubnub,Pubnub:Datastreamnetwork
67,Tumblrcollins,TumblrCollins:Infrastructuremanagementforengineers
68,Tensorflow,GoogleTensorFlow:anOpenSourceSoftwareLibraryforMachineIntelligence
69,Scalaris,Scalaris:adistributedtransactionalkey-valuestore
70,Secor,PinterestSecor:isaserviceimplementingKafkalogpersistance
71,Finagle,TwitterFinagle:asynchronousnetworkstackfortheJVM
72,Maria,"MariaDB:enhanced,drop-inreplacementforMySQL"
73,Teradataquerygrid,TeradataQueryGrid:data-accesslayerthatcanorchestratemultiplemodesofanalysisacrossmultipledatabasesplusHadoop
74,Storagenearline,"GoogleCloudStorageNearline:ahighlyavailable,affordablesolutionforbackup,archivinganddisasterrecovery."
75,Kubernetes,Kubernetes:opensourceimplementationofcontainerclustermanagement
76,Esper,"Esper:ahighlyscalable,memory-efficient,in-memorycomputing,SQL-standard,minimallatency,real-timestreaming-capableBigDataprocessingengineforhistoricaldata"
77,Gremlin,Gremlin:graphtraversalLanguage
78,Tokumx,TokuMX:High-PerformanceMongoDBDistribution
79,Perconaserver,"PerconaServer:enhanced,drop-inreplacementforMySQL"
80,Streamdrill,Streamdrill:usefullforcountingactivitiesofeventstreamsoverdifferenttimewindowsandfindingthemostactiveone
81,Deeptext,"FacebookDeepText:adeeplearning-basedtextunderstandingenginethatcanunderstandwithnear-humanaccuracythetextualcontentofseveralthousandspostspersecond,spanningmorethan20languages"
82,Chartio,Chartio:leanbusinessintelligenceplatformtovisualizeandexploreyourdata
83,Trident,Trident:ahigh-levelabstractionfordoingrealtimecomputingontopofStorm
84,Pachyderm,Pachyderm:letsyoustoreandanalyzeyourdatausingcontainers.
85,Theano,Theano:PythonpackagefordeeplearningthatcanutilizeNVIDIAsCUDAtoolkittorunontheGPU
86,Faunus,Faunus:Hadoop-basedgraphanalyticsengineforanalyzinggraphsrepresentedacrossamulti-machinecomputecluster
87,Apamaanalytics,Apamaanalytics:platformforstreaminganalyticsandintelligentautomatedaction
88,Doradus,"Doradus:DoradusisaRESTservicethatextendsaCassandraNoSQLdatabasewithagraph-baseddatamodel,advancedindexingandsearchfeatures,andaRESTAPI"
89,Scribe,FacebookScribe:streamedlogdataaggregator
90,Hydrabase,FacebookHydraBase:evolutionofHBasemadebyFacebook
91,Carto,CartoDB:open-sourceorfreemiumhostingforgeospatialdatabaseswithpowerfulfront-endeditingcapabilitiesandarobustAPI
92,Berkeley,BerkeleyDB:asoftwarelibrarythatprovidesahigh-performanceembeddeddatabaseforkey/valuedata
93,Damballaparkour,DamballaParkour:MapReducelibraryforClojure
94,Couchbaseforest,CouchbaseForestDB:FastKey-ValueStorageEngineBasedonHierarchicalB+-TreeTrie
95,Spagobi,SpagoBI:opensourcebusinessintelligenceplatform
96,Akiban,Akiban:ToutedasSQLdatabasewithobjectstructuredstorage
97,Sherpa,"YahooSherpa:hosted,distributedandgeographicallyreplicatedkey-valuecloudstorageplatform"
98,Curator,ApacheCurator:JavalibariesforApacheZooKeeper
99,Pydoop,Pydoop:PythonMapReduceandHDFSAPIforHadoop
100,Datomic,"Datomic:distributeddatabasedesignedtoenablescalable,flexibleandintelligentapplications"
101,Brytlyt,Brytlyt:afullyenabledGPGPUdatabasewhichallowsforoffloadingofdatabaseoperationstoGeneralProcessingonGraphicsProcessorUnits.
102,Datalake,MicrosoftAzureDataLake:ahyperscalerepositoryforbigdataanalyticworkloads
103,Apollo,Apollo:ActiveMQsnextgenerationofmessaging
104,Metamarkersdruid,MetamarkersDruid:frameworkforreal-timeanalysisoflargedatasets
105,Caffe,"Caffe:adeeplearningframeworkmadewithexpression,speed,andmodularityinmind.ItisdevelopedbytheBerkeleyVisionandLearningCente"
106,2lemetry,2lemetry:PlatformforInternetofthings
107,Tarantool,Tarantool:anefficientNoSQLdatabaseandaLuaapplicationserver
108,Drools,Drools:aBusinessRulesManagementSystem(BRMS)solution
109,Fluentd,Fluentd:tooltocollecteventsandlogs
110,Oozie,ApacheOozie:workflowjobscheduler
111,Stardog,"Stardog:graphdatabase:search,query,reasoning,andconstraintsinalightweight,pureJavasystem"
112,Cephfilesystem,CephFilesystem:softwarestorageplatformdesigned
113,Everest,YahooEverest:multi-peta-bytedatabase/MPPderivedbyPostgreSQL
114,Grafana,"Grafana:opensource,featurerichmetricsdashboardandgrapheditorforGraphite,InfluxDB&OpenTSDB"
115,Bagel,"ApacheSparkBagel:implementationofPregel,partofSpark"
116,Apceranats,"ApceraNATS:anopen-source,high-performance,lightweightcloudnativemessagingsystem"
117,Webscale,WebScaleSQL:isacollaborationamongengineersfromseveralcompaniesthatfacesimilarchallengesinrunningMySQLatscale
118,Chart,Chart.js:opensourceHTML5Chartsvisualizations
119,Pivotalr,PivotalR:RonPivotalHD/HAWQandPostgreSQL
120,Palantiratlas,PalantirAtlasDB:amassivelyscalabledatastoreandtransactionallayerthatcanbeplacedontopofanykey-valuestoretogiveitACIDproperties
121,Chukwa,ApacheChukwa:datacollectionsystem
122,Jethrodata,JethroData:index-basedSQLengineforHadoop
123,Ambry,LinkedInAmbry:Distributedobjectstore
124,Parselystreamparse,ParselyStreamparse:streamparseletsyourunPythoncodeagainstreal-timestreamsofdata.ItalsointegratesPythonsmoothlywithApacheStorm.
125,Etsysahale,EtsySahale:VisualizingCascadingWorkflowsatEtsy
126,Zeromq,ZeroMQ:TheIntelligentTransportLayer
127,Cubism,Cubism:JavaScriptlibraryfortimeseriesvisualization
128,Exasolution,"Exasolution:anin-memory,column-oriented,relationaldatabasemanagementsystem"
129,Actianvector,ActianVector:column-orientedanalyticdatabase
130,Kamikaze,LinkedInKamikaze:utilitypackageforcompressingsortedintegerarrays
131,Intelgraphbuilder,IntelGraphBuilder:toolstoconstructlarge-scalegraphsontopofHadoop
132,Streams,"IBMStreams:advancedanalyticplatformthatallowsuser-developedapplicationstoquicklyingest,analyzeandcorrelateinformationasitarrivesfromthousandsofreal-timesources"
133,Simplequeueservice,"AmazonSimpleQueueService:fast,reliable,scalable,fullymanagedqueueservice"
134,Orient,OrientDB:documentandgraphdatabase
135,Lumos,LinkedinLumos:bridgefromOLTPtoOLAPforuseitonHadoop
136,Stratosphere,Stratosphere:generalpurposeclustercomputingframework
137,Firebase,GoogleFirebase:apowerfulAPItostoreandsyncdatainrealtime
138,Segment,SegmentSQL:TrackyourcustomerdatatoAmazonRedshift
139,Datasaltpangool,DatasaltPangool:alternativeMapReduceparadigm
140,Vahara,Vahara:MachinelearningandnaturallanguageprocessingwithApachePig
141,Shiny,Shiny:webapplicationframeworkforR
142,Autoscale,FacebookAutoscale:theloadbalancerwillconcentrateworkloadtoaserveruntilithasatleastamedium-levelworkload
143,Gospeed,"LinkedInGoSpeed:providesRUMdataprocessing,visualization,monitoring,andanalysesdatadaily,hourly,oronanearreal-timebasis"
144,S3mper,"NetflixS3mper:librarythatprovidesanadditionallayerofconsistencycheckingontopofAmazonsS3indexthroughuseofaconsistent,secondaryindex"
145,Sqrrl,Sqrrl:NoSQLdatabasesontopofApacheAccumulo
146,Wolframalpha,WolframAlpha:computationalknowledgeengine
147,Redissentinel,RedisSentinel:systemdesignedtohelpmanagingRedisinstances
148,Pub/sub,"GoogleCloudPub/Sub:reliable,many-to-many,asynchronousmessaginghostedonGooglesinfrastructure"
149,Gephi,Gephi:Anaward-winningopen-sourceplatformforvisualizingandmanipulatinglargegraphsandnetworkconnections
150,Scalingdata,"ScalingData:tracingdatacenterproblemstorootcause,predictcapacityissues,identifyemergingfailuresandhighlightlatentthreats"
151,Trill,MicrosoftTrill:ahigh-performancein-memoryincrementalanalyticsengine
152,Amplabsplash,AMPLabSplash:ageneralframeworkforparallelizingstochasticlearningalgorithmsonmulti-nodeclusters
153,Phoebus,Phoebus:frameworkforlargescalegraphprocessing
154,Deimos,Deimos:MesoscontainerizerhooksforDocker
155,Kibana,Kibana:visualizelogsandtime-stampeddata
156,Amplabshark,AMPLABShark:datawarehousesystemforSpark
157,Neo4j,Neo4j:graphdatabasewrittingentirelyinJava
158,Dockerswarm,DockerSwarm:nativeclusteringforDocker
159,Freeboard,Freeboard:opensourcereal-timedashboardbuilderforIOTandotherwebmashups
160,Streaming,"ApacheSparkStreaming:frameworkforstreamprocessing,partofSpark"
161,Thingworx,ThingWorx:Rapiddevelopmentandconnectionofintelligentsystems
162,Concurrentlingual,ConcurrentLingual:SQL-likequerylanguageforCascading
163,Datatorrentstram,"DataTorrentStrAM:real-timeengineisdesignedtoenabledistributed,asynchronous,realtimein-memorybig-datacomputationsinasunblockedawayaspossible,withminimaloverheadandimpactonperformance"
164,Datameer,"Datameer:dataanalyticsapplicationforHadoopcombinesself-servicedataintegration,analyticsandvisualization"
165,Bitlynsq,Bit.lyNSQ:realtimedistributedmessageprocessingatscale
166,Actianversant,ActianVersant:commercialobject-orienteddatabasemanagementsystems
167,Point,Clusterpoint:adatabasesoftwareforhigh-speedstorageandlarge-scaleprocessingofXMLandJSONdataonclustersofcommodityhardware
168,Pregel,GooglePregel:graphprocessingframework
169,Flink,"ApacheFlink:high-performanceruntime,andautomaticprogramoptimization"
170,Bookkeeper,ApacheBookKeeper:adistributedloggingservicecalledBookKeeperandadistributedpublish/subscribesystembuiltontopofBookKeepercalledHedwig
171,Parquet,Parquet:columnarstorageformatforHadoop
172,Cayley,GoogleCayley:open-sourcegraphdatabase
173,Mazerunnerforneo4j,MazerunnerforNeo4j:extendsaNeo4jgraphdatabasetorunscheduledbigdatagraphcomputealgorithmsatscalewithHDFSandApacheSpark.
174,Kestrel,Kestrel:distributedmessagequeuesystem
175,Voltagesecuredata,VoltageSecureData:dataprotectionframework
176,Twemcache,TwitterTwemcache:forkofMemcache
177,Drizzle,Drizzle:evolutionofMySQL6.0
178,Coreosfleet,CoreOSFleet:clustermanagementtoolfromCoreOS
179,Highcharts,Highcharts:simpleandflexiblechartingAPI
180,Director,ClouderaDirector:acomprehensivedatamanagementplatformwiththeflexibilityandpowertoevolvewithyourbusiness
181,Springxd,"SpringXD:distributedandextensiblesystemfordataingestion,realtimeanalytics,batchprocessing,anddataexport"
182,Prometheus,Prometheus:anopen-sourceservicemonitoringsystemandtimeseriesdatabase
183,Talend,"Talend:unifiedopensourceenvironmentforYARN,Hadoop,HBASE,Hive,HCatalog&Pig"
184,Distbelief,GoogleDistBelief:softwareframeworkthatcanutilizecomputingclusterswiththousandsofmachinestotrainlargemodels
185,Ebaykylin,eBayKylin:DistributedAnalyticsEnginefromeBayInc.thatprovidesSQLinterfaceandmulti-dimensionalanalysis(OLAP)onHadoopsupportingextremelylargedatasets
186,Jedoxpalo,JedoxPalo:customisableBusinessIntelligenceplatform
187,Crossfilter,Crossfilter:avaScriptlibraryforexploringlargemultivariatedatasetsinthebrowser.Workswellwithdc.jsandd3.js
188,Plotly,"Plot.ly:Easy-to-usewebservicethatallowsforrapidcreationofcomplexcharts,fromheatmapstohistograms.UploaddatatocreateandstylechartswithPlotlysonlinespreadsheet.Forkothersplots."
189,Mapgraph,MapGraph:MassivelyParallelGraphprocessingonGPUs
190,Arvados,Arvados:Spinsawebofmicroservicesaroundunsuspectingsysadmins
191,Snowplow,"Snowplow:enterprise-strengthwebandeventanalytics,poweredbyHadoop,Kinesis,RedshiftandPostgres"
192,Concurrentpattern,ConcurrentPattern:machinelearninglibraryforCascading
193,Lingwater,SparklingWater:combineH2OÕsMachineLearningcapabilitieswiththepoweroftheSparkplatform
194,Phoenix,ApachePhoenix:SQLskinoverHBase
195,Evrything,Evrything:Makingproductssmart
196,Bigquery,"GoogleBigQuery:frameworkforinteractiveanalysis,implementationofDremel"
197,Raven,"RavenDB:Atransactional,open-sourceDocumentDatabase"
198,Nutch,ApacheNutch:opensourcewebcrawler
199,Recordbreaker,RecordBreaker:Automaticstructureforyourtext-formatteddata
200,Ankush,Ankush:Abigdataclustermanagementtoolthatcreatesandmanagesclustersofdifferenttechnologies.
201,Stratioviewer,StratioViewer:dashboardingtool
202,Galene,LinkedInGalene:searcharchitectureatLinkedIn
203,Lipstick,Lipstick:Pigworkflowvisualizationtool
204,Fbcunn,fbcunn:DeepLearningCUDAExtensionsfromFacebookAIResearch
205,Lavastorm,"LavastormAnalytics:usedforauditanalytics,revenueassurance,fraudmanagement,andcustomerexperiencemanagement"
206,Lucene,ApacheLucene:Searchenginelibrary
207,Zalonimica,"ZaloniMica:self-servicedatadiscovery,curation,andgovernance"
208,Develoop,"Develoop:toolforprovisioning,managingandmonitoringApacheHadoop"
209,Sparrow,Sparrow:schedulingplatform
210,Morphlines,"ClouderaMorphlines:frameworkthathelpETLtoSolr,HBaseandHDFS"
211,Flock,TwitterFlockDB:distribuitedgraphdatabase
212,Zookeeper,ApacheZookeeper:centralizedserviceforprocessmanagement
213,Drill,"ApacheDrill:frameworkforinteractiveanalysis,inspiredbyDremel"
214,Redash,Redash:open-sourceplatformtoqueryandvisualizedata
215,Dremel,"GoogleDremel:frameworkforinteractiveanalysis,implementationofDremel"
216,Featurefu,"LinkedInFeatureFu:containsacollectionoflibrary/toolsforadvancedfeatureengineeringtoderivefeaturesontopofotherfeatures,orconvertalightweightedmodelintoafeature"
217,Docker,"Docker:anopenplatformfordevelopersandsysadminstobuild,ship,andrundistributedapplications"
218,Hadapt,Hadapt:anativeimplementationofSQLfortheApacheHadoopopen-sourceproject
219,Simplestorageservice,"AmazonSimpleStorageService:secure,durable,highly-scalableobjectstorage"
220,Pivotalgemfirexd,"PivotalGemFireXD:Low-latency,in-memory,distributedSQLdatastore.ProvidesSQLinterfacetoin-memorytabledata,persistableinHDFS"
221,Beanstalkd,"Beanstalkd:simple,fastworkqueue"
222,Charts,GoogleCharts:simplechartingAPI
223,Tokutek,Tokutek:TokutekclaimstoimproveMongoDBperformance20x
224,Actianfor,ActianSQLforHadoop:highperformanceinteractiveSQLaccesstoallHadoopdata
225,Sqoop,ApacheSqoop:tooltotransferdatabetweenHadoopandastructureddatastore
226,Millwheel,GoogleMillWheel:faulttolerantstreamprocessingframework
227,Myria,Myria:scalableAnalytics-as-a-Serviceplatformbasedonrelationalalgebra
228,Slider,ApacheSlider:isaYARNapplicationtodeployexistingdistributedapplicationsonYARN
229,Ebayoink,eBayOink:RESTbasedinterfaceforPIGexecution
230,Myriad,Myriad:amesosframeworkdesignedforscalingYARNclustersonMesos.MyriadcanexpandorshrinkoneormoreYARNclustersinresponsetoeventsasperconfiguredrulesandpolicies.
231,Stratiocassandra,"StratioCassandra:CassandraindexfunctionalityhasbeenextendedtoprovidenearrealtimesearchsuchasElasticSearchorSolr,includingfulltextsearchcapabilitiesandmultivariable,geospatialandbitemporalsearch"
232,Spotfire,Spotfire:businessintelligenceplatform
233,Stratiocrossdata,StratioCrossdata:providesanunifiedwaytoaccesstomultipledatastores
234,Geotrellis,Geotrellis:geographicdataprocessingengineforhighperformanceapplications
235,Bigobject,BigObject:Real-timeComputingEngineDesignedforBigData
236,Aegisthus,NetflixAegisthus:BulkDataPipelineoutofCassandra.implementsareaderfortheSSTableformatandprovidesamap/reduceprogramtocreateacompactedsnapshotofthedatacontainedinacolumnfamily
237,Blink,"BlinkDB:massivelyparallel,approximatequeryengine"
238,Splicemachine,SpliceMachine:afull-featuredSQL-on-HadoopRDBMSwithACIDtransactions
239,Sumologic,SumoLogic:cloudbasedanalyzerformachine-generateddata.
240,Haystack,FacebookHaystack:objectstoragesystem
241,Actianp,"ActianPSQL:ACID-compliantDBMSdevelopedbyPervasiveSoftware,optimizedforembeddinginapplications"
242,Cubert,LinkedInCubert:afastandefficientbatchcomputationengineforcomplexanalysisandreportingofmassivedatasetsonHadoop
243,Seldon,"Seldon:anopensourcepredictiveanalyticsplatformbaseduponSpark,KafkaandHadoop"
244,Cudnn,cuDNN:GPU-acceleratedlibraryofprimitivesfordeepneuralnetworks
245,Sigmoidspork,SigmoidAnalyticsSpork:PigonApacheSpark
246,Heron,"TwitterHeron:arealtime,distributed,fault-tolerantstreamprocessingenginefromTwitter"
247,Camus,LinkedInCamus:KafkatoHDFSpipeline.ItisamapreducejobthatdoesdistributeddataloadsoutofKafka
248,Algolia,Algolia:HostedSearchAPIthatdeliversinstantandrelevantresultsfromthefirstkeystroke
249,Opents,OpenTSDB:distributedtimeseriesdatabaseontopofHBase
250,Stratiomanager,"StratioManager:install,manageandmonitorallthetechnologystackrelatedtotheStratioPlatform"
251,Hanoi,HanoiDB:ErlangLSMBTreeStorage
252,Simple,AmazonSimpleDB:ahighlyavailableandflexiblenon-relationaldatastorethatoffloadstheworkofdatabaseadministration
253,Sidekiq,"Sidekiq:Simple,efficientbackgroundprocessingforRuby"
254,Rainstor,RainstorDB:databaseforstoringpetabyte-scalevolumesofstructuredandsemi-structureddata
255,Fatcache,TwitterFatcache:key/valuecacheforflashstorage
256,Nokiadisco,NokiaDisco:MapReduceframeworkdevelopedbyNokia
257,Beegfs,"BeeGFS:formerlyFhGFS,paralleldistributedfilesystem"
258,Crunch,ApacheCrunch:asimpleJavaAPIfortaskslikejoininganddataaggregationthataretedioustoimplementonplainMapReduce
259,Sawmill,Sawmill:extensivelogprocessingandreportingfeatures
260,Gistoolsfor,GISToolsforHadoop:BigDataSpatialAnalyticsfortheHadoopFramework
261,Darner,"Darner:simple,lightweightmessagequeue"
262,Kairos,"Kairos:TimeseriesdatastorageinRedis,Mongo,SQLandCassandra"
263,Eventhub,Eventhub:opensourceeventanalyticsplatform
264,Reborn,RebornDB:Distributeddatabasefullycompatiblewithredisprotocol
265,Crossroadsi/o,CrossroadsI/O:libraryforbuildingscalableandhighperformancedistributedapplications
266,Snowball,AmazonSnowball:apetabyte-scaledatatransportsolutionthatusessecureappliancestotransferlargeamountsofdataintoandoutofAWS
267,Sensei,"SenseiDB:distributed,realtime,semi-structureddatabase"
268,Bigchain,BigchainDB:Thescalableblockchaindatabase.
269,Fblearnerflow,"FacebookFBLearnerFlow:providesinnovativefunctionality,likeautomaticgenerationofUIexperiencesfrompipelinedefinitionsandautomaticparallelizationofPythoncodeusingfutures"
270,Flumejava,"GoogleFlumeJava:Easy,EfficientData-ParallelPipelines.BaseofGoogleDataflow"
271,Impala,"ClouderaImpala:frameworkforinteractiveanalysis,InspiredbyDremel"
272,Zoomdata,Zoomdata:BigDataAnalytics
273,Omega,GoogleOmega:jobschedulingandmonitoringsystem
274,Knoxgateway,ApacheKnoxGateway:singlepointofsecureaccessforHadoopclusters
275,Datapine,Datapine:self-servicebusinessintelligencetoolinthecloud
276,Graphistry,Graphistry:runningonGPUsandturnsstaticdesignsintointeractivetoolsusingclient/cloudGPUinfrastructureandGPU-acceleratedlanguageslikeSuperconductor
277,Foundation,"FoundationDB:distributeddatabase,inspiredby F1"
278,Hashicorpnomad,"HashiCorpNomad:aDistributed,HighlyAvailable,Datacenter-AwareScheduler"
279,Tableau,Tableau:businessintelligenceplatform
280,Titan,"Titan:distributedgraphdatabase,builtoverCassandra"
281,Biginsights,"IBMBigInsights:dataprocessing,warehousingandanalytics"
282,Scaleouthserver,"ScaleOuthServer:fast,scalablein-memorydatagridforHadoop"
283,Pumabenchmarking,PUMABenchmarking:benchmarksuiteforMapReduceapplications
284,Dynomite,NetflixDynomite:thinDynamo-basedreplicationforcacheddata
285,Quicksight,AmazonQuickSight:BusinessIntelligenceforBigData
286,Streamblaze,SQLStreamBlaze:streamprocessingplatform
287,Mesos,ApacheMesos:clustermanager
288,Ribbon,NetflixRibbon:aInterProcessCommunication(remoteprocedurecalls)librarywithbuiltinsoftwareloadbalancers.TheprimaryusagemodelinvolvesRESTcallswithvariousserializationschemesupport
289,Amplabsampleclean,AMPLabSampleClean:scalabletechniquesfordatacleaningandstatisticalinferenceondirtydata
290,Megastore,"GoogleMegastore:scalable,highlyavailablestorage"
291,Bigtop,ApacheBigtop:systemdeploymentframeworkfortheHadoopecosystem
292,Metanautixquest,MetanautixQuest:datacomputeengine
293,Pivotalhawq,PivotalHAWQ:SQL-likedatawarehousesystemfor Hadoop
294,Akkatoolkit,"AkkaToolkit:runtimefordistributed,andfaulttolerantevent-drivenapplicationsontheJVM"
295,Ranger,"ApacheRanger:frameworktoenable,monitorandmanagecomprehensivedatasecurityacrosstheHadoopplatform(formerlycalledApacheArgus)"
296,Eventhubs,AzureEventHubs:ahighlyscalablepublish-subscribeeventingestor
297,Infinitegraph,InfiniteGraph:distributedgraphdatabase
298,Tessera,Tessera:EnvironmentforDeepAnalysisofLargeComplexData
299,Caffeine,GoogleCaffeine:continuousindexingsystem
300,Stratiodecision,StratioDecision:theunionofareal-timemessagingbuswithacomplexeventprocessingengineusingSparkStreaming
301,Gobblin,LinkedInGobblin:aframeworkforSolvingBigDataIngestionProblem
302,Cassandra,"ApacheCassandra:column-orienteddistribuiteddatastore,inspiredby BigTable"
303,Hbase,"ApacheHBase:column-orienteddistribuiteddatastore,inspiredbyBigTable"
304,Influx,InfluxDB:distributedtimeseriesdatabase
305,Kinesis,AmazonKinesis:real-timeprocessingofstreamingdataatmassivescale
306,Twemproxy,"Twemproxy:Afast,light-weightproxyformemcachedandredis"
307,Spanner,GoogleSpanner:globallydistributedsemi-relationaldatabase
308,Memgraph,"MemGraph:cyphercompatibile,high-performancein-memorytransactionalandreal-timeanalyticsgraphdatabase"
309,Blaze,Blaze:Pythonusershigh-levelaccesstoefficientcomputationoninconvenientlylargedata
310,Graphengine,"MicrosoftGraphEngine:adistributed,in-memory,largegraphprocessingengine,underpinnedbyastrongly-typedRAMstoreandageneralcomputationengine"
311,Whirr,ApacheWhirr:setoflibrariesforrunningcloudservices
312,Document,"MicrosoftDocumentDB:fully-managed,highly-scalable,NoSQLdocumentdatabaseservice"
313,Gizzard,TwitterGizzard:aflexibleshardingframeworkforcreatingeventually-consistentdistributeddatastores
314,Zipkin,TwitterZipkin:distributedtracingsystemthathelpsusgathertimingdataforallthedisparateservicesatTwitter
315,Percolator,GooglePercolator:continuousindexingsystem
316,Mcdipper,FacebookMcDipper:key/valuecacheforflashstorage
317,Graphlabpowergraph,GraphLabPowerGraph:acoreC++GraphLabAPIandacollectionofhigh-performancemachinelearninganddataminingtoolkitsbuiltontopoftheGraphLabAPI
318,Storm,ApacheStorm:frameworkforstreamprocessingbyTwitteralsoonYARN
319,Jumbune,Jumbune:Jumbuneisanopen-sourceproductbuiltforanalyzingHadoopclusterandMapReducejobs.
320,Hipilibrary,HIPILibrary:APIforperformingimageprocessingtasksonHadoopsMapReduce
321,Cytoscape,Cytoscape:JavaScriptlibraryforvisualizingcomplexnetworks
322,Nupic,"nupic:NumentaPlatformforIntelligentComputing:abrain-inspiredmachineintelligenceplatform,andbiologicallyaccurateneuralnetworkbasedoncorticallearningalgorithms"
323,Openaigym,OpenAIGym:atoolkitfordevelopingandcomparingreinforcementlearningalgorithms
324,Pinball,PinterestPinball:customizableplatformforcreatingworkflowmanagers
325,Stratioingestion,StratioIngestion:ApacheFlumewithsteroids
326,Sentry,ApacheSentry:securitymodulefordatastoredinHadoop
327,Ambari,ApacheAmbari:operationalframeworkforHadoopmangement
328,Pneuralnet,MLPNeuralNet:FastmultilayerperceptronneuralnetworklibraryforiOSandMacOSX
329,Hparser,HParser:dataparsingtransformationenvironmentoptimizedforHadoop
330,Cascalog,Cascalog:dataprocessingandqueryinglibrary
331,Rabbitmq,RabbitMQ:Robustmessagingforapplications
332,Storehaus,"Storehaus:librarytoworkwithasynchronouskeyvaluestores,byTwitter"
333,Pinlater,PinterestPinlater:asynchronousjobexecutionsystem
334,Amplabsimr,AMPLabSIMR:runSparkonHadoopMapReducev1
335,Sf1rsearchengine,SF1RSearchEngine:distributedsearchenginewritteninc++
336,Surus,NetflixSurus:acollectionoftoolsforanalysisinPigandHive
337,Arango,ArangoDB:multimodeldistribuiteddatabase
338,Etsystatsd,EtsyStatsD:simpledaemonforeasystatsaggregation
339,Thunder,Thunder:Large-scaleanalysisofneuraldata
340,Oraclenodatabase,OracleNoSQLDatabase:distributedkey-valuedatabasebyOracleCorporation
341,Containerengine,"GoogleContainerEngine:RunDockercontainersonGoogleCloudPlatform,poweredbyKubernetes"
342,Graphite,Graphite:scalableRealtimeGraphing
343,Priam,"NetflixPriam:Co-Processforbackup/recovery,TokenManagement,andCentralizedConfigurationmanagementforCassandra"
344,Storsimple,MicrosoftStorSimple:auniquehybridcloudstoragesolutionthatlowerscostsandimprovesdataprotection
345,Tigon,"Tigon:adistributedframeworkbuiltonApacheHadoopTMandApacheHBaseTMforreal-time,high-throughput,low-latencydataprocessingandanalyticsapplications"
346,Tephra,Tephra:TransactionsforHBase
347,Peregrine,FacebookPeregrine:MapReduceframework
348,Lambda,AmazonLambda:acomputeservicethatrunsyourcodeinresponsetoeventsandautomaticallymanagesthecomputeresourcesforyou
349,Summingbird,"TwitterSummingbird:StreamingMapReducewithScaldingandStorm,byTwitter"
350,Hbasecoprocessor,"HBaseCoprocessor:implementationof Percolator,partof HBase"
351,Hazelcast,Hazelcast:In-MemoryDataGrid
352,Dynamo,"AmazonDynamoDB:distributedkey/valuestore,implementationof Dynamopaper"
353,Gridgain,"GridGain:GGFS,Hadoopcompliantin-memoryfilesystem"
354,Infovore,Infovore:RDF-centricMap/Reduceframework
355,Ohmdatac5,OhmDataC5:improvedversionofHBase
356,Amplabvelox,"AMPLabVelox:adatamanagementsystemforfacilitatingthenextstepsinreal-world,large-scaleanalyticspipelines"
357,Recline,Recline:simplebutpowerfullibraryforbuildingdataapplicationsinpureJavascriptandHTML
358,Domino,"Domino:Run,scale,share,anddeploymodelsÑwithoutanyinfrastructure."
359,Tachyon,Tachyon:reliablefilesharingatmemoryspeedacrossclusterframeworks
360,Pivotalgreenplum,"PivotalGreenplum:purpose-built,dedicatedanalyticdatawarehouse"
361,Pumba,Pumba:ChaostestingtoolforDocker
362,Elephant,ElephantDB:DistributeddatabasespecializedinexportingdatafromHadoop
363,Mantis,NetflixMantis:EventStreamProcessingSystem
364,Logstash,Logstash:atoolformanagingeventsandlogs
365,Giraph,"ApacheGiraph:implementationofPregel,basedonHadoop"
366,Infini,InfiniDB:isaccessedthroughaMySQLinterfaceandusemassiveparallelprocessingtoparallelizequeries
367,Ironmq,IronMQ:easy-to-usehighlyavailablemessagequeuingservice
368,Mcrouter,FacebookMcrouter:amemcachedprotocolrouterforscalingmemcacheddeployments
369,Terrastore,Terrastore:amoderndocumentstorewhichprovidesadvancedscalabilityandelasticityfeatureswithoutsacrificingconsistency
370,Karaf,ApacheKaraf:OSGiruntimethatrunsontopofanyOSGiframework
371,Mahout,ApacheMahout:machinelearninglibraryforHadoop
372,Getstreamstreamframework,"GetStreamStreamFramework:aPythonlibrary,whichallowsyoutobuildnewsfeedandnotificationsystemsusingCassandraand/orRedis"
373,Enigmaio,"Enigma.io:Freemiumrobustwebapplicationforexploring,filtering,analyzing,searchingandexportingmassivedatasetsscrapedfromacrosstheWeb"
374,Lustrefilesystem,Lustrefilesystem:high-performancedistributedfilesystem
375,Matplotlib,Matplotlib:plottingwithPython
376,Storage,GoogleCloudStorage:durableandhighlyavailableobjectstorage
377,Krati,LinkedInKrati:isasimplepersistentdatastorewithverylowlatencyandhighthroughput
378,Etsyconjecture,EtsyConjecture:scalableMachineLearninginScalding
379,Chubby,GoogleChubby:alockserviceforloosely-coupleddistributedsystems
380,Stratioexplorer,"StratioExplorer:anInteractiveWebinterpretertoApacheCrossdata,StratioIngestion,StratioDecision,Markdown,ApacheSpark,ApacheSpark-SQLandcommandShell"
381,Hindex,hIndex:SecondaryIndexforHBase
382,Hypergraph,"HyperGraphDB:generalpurpose,open-sourcedatastoragemechanismbasedonapowerfulknowledgemanagementformalismknownasdirectedhypergraphs"
383,Velox,Velox:asystemforservingmachinelearningpredictions
384,Sphinxsearchserver,SphinxSearchServer:fulltextsearchengine
385,Optiq,ApacheOptiq:frameworkthatallowsefficienttranslationofqueriesinvolvingheterogeneousandfederateddata
386,Yhatscienceops,"YHatScienceOps:platformfordeploying,managing,andscalingpredictivemodelsinproductionapplications"
387,Pinot,LinkedInPinot:adistributedsystemthatsupportscolumnarindexeswiththeabilitytoaddnewtypesofindexes
388,Buildoop,Buildoop:SimilartoApacheBigTopbasedonGroovylanguage
389,Mesosaurus,Mesosaurus:Mesostaskloadsimulatorframeworkfor(clusterandMesos)performanceanalysis
390,Microstrategy,"Microstrategy:softwareplatformsforbusinessintelligence,mobileintelligence,andnetworkapplications"
391,Nextflow,Nextflow:Datafloworientedtoolkitforparallelanddistributedcomputationalpipelines
392,Databus,LinkedInDatabus:streamofchangecaptureeventsforadatabase
393,Actianingres,"ActianIngres:commerciallysupported,open-sourceSQLrelationaldatabasemanagementsystem"
394,Tumblrgenesis,TumblrGenesis:atoolfordatacenterautomation
395,Keystone,KeystoneML:Simplifyingrobustend-to-endmachinelearningonApacheSpark
396,Gearpump,GearPump:alightweightreal-timebigdatastreamingengine
397,Teradatadatabase,TeradataDatabase:completerelationaldatabasemanagementsystem
398,Stado,Stado:opensourceMPPdatabasesystemsolelytargetedatdatawarehousinganddatamartapplications
399,Youtubevitess,YoutubeVitess:providesserversandtoolswhichfacilitatescalingofMySQLdatabasesforlargescalewebservices
400,Mpich,MPICH:highperformanceandwidelyportableimplementationoftheMessagePassingInterface(MPI)standard
401,Pentaho,Pentaho:businessintelligenceplatform
402,Pinalytics,Pinalytics:Pinterestâsdataanalyticsengine
403,Stratiota,StratioSparkta:realtimemonitoring
404,Restmq,"RestMQ:messagequeuewhichusesHTTPastransport,JSONtoformataminimalistprotocolandisorganizedasRESTresources"
405,Jumbo,jumboDB:documentorienteddatastoreoverHadoop
406,Sigma,Sigma.js:JavaScriptlibrarydedicatedtographdrawing
407,Helix,ApacheHelix:clustermanagementframework
408,Catalyst,SparkCatalyst:isaQueryOptimizationFrameworkforSparkandShark
409,Chartist,Chartist.js:anotheropensourceHTML5Chartsvisualization
410,Tibcoenterprisemessageservice,TIBCOEnterpriseMessageService:standards-basedmessagingmiddleware
411,Scuba,FacebookScuba:distributedin-memorydatastore
412,Sibyl,GoogleSibyl:SystemforLargeScaleMachineLearningatGoogle
413,Mapreduce,GoogleMapReduce:mapreduceframework
414,Twill,ApacheTwill:abstractionoverYARNthatreducesthecomplexityofdevelopingdistributedapplications
415,Kairosdb,Kairosdb:similartoOpenTSDBbutallowsforCassandra
416,Orleans,MicrosoftOrleans:astraightforwardapproachtobuildingdistributedhigh-scalecomputingapplications
417,Rocket,"Rocket:analternativetotheDockerruntime,designedforserverenvironmentswiththemostrigoroussecurityandproductionrequirements"
418,Sanddance,MicrosoftSandDance:visuallyexploredatasetstofindstoriesandextractinsights
419,Handlersocket,HandlerSocket:NoSQLpluginforMySQL/MariaDB
420,Fnordmetricchart,FnordMetricChartSQL:allowsyoutowriteSQLqueriesthatreturnchartsinsteadoftables.ThechartsarerenderedasSVGvectorgraphics.
421,Marathon,Marathon:Mesosframeworkforlong-runningservices
422,Watson,IBMWatson:cognitivecomputingsystem
423,Samza,"ApacheSamza:streamprocessingframework,basedonKaflaandYARN"
424,Stinger,Stinger:interactivequeryforHive
425,Eventstore,EventStore:distributedtimeseriesdatabase
426,Vowpalwabbit,VowpalWabbit:learningsystemsponsoredbyMicrosoftandYahoo!
427,Redis,Redis:inmemorykeyvaluedatastore
428,Haeinsa,"Haeinsa:linearlyscalablemulti-row,multi-tabletransactionlibraryforHBasebasedonPercolator"
429,Qubole,"Qubole:auto-scalingHadoopcluster,built-indataconnectors"
430,Berkeleyswimbenchmark,BerkeleySWIMBenchmark:real-worldbigdataworkloadbenchmark
431,Distributedr,DistributedR:scalablehigh-performanceplatformfortheRlanguage
432,Hannibal,Hannibal:HannibalistooltohelpmonitorandmaintainHBase-Clustersthatareconfiguredformanualsplitting.
433,Benchmarking,ApacheHadoopBenchmarking:micro-benchmarksfortestingHadoopperformances
434,Projectorleans,MicrosoftProjectOrleans:aframeworkthatprovidesastraightforwardapproachtobuildingdistributedhigh-scalecomputingapplications
435,Hortonworkshoya,HortonworksHOYA:applicationthatcandeployHBaseclusteronYARN
436,Spice,AmazonSPICE:Super-fastParallelIn-memoryCalculationEngine
437,Adabas,Adabas:ADABASwasNoSQLfromatimewhentherewasnoSQL
438,Prism,FacebookPrism:multidatacentersreplicationsystem
439,Ec2containerservice,"AmazonEC2ContainerService:ahighlyscalable,highperformancecontainermanagementservicethatsupportsDockercontainers"
440,Gangliamonitoring,GangliaMonitoringSystem:scalabledistributedmonitoringsystemforhigh-performancecomputingsystemssuchasclustersandGrids
441,Extreme,"eXtremeDB:in-memorydatabasecombinesexceptionalperformance,reliabilityanddeveloperefficiencyinaprovenreal-timeembeddeddatabaseengine"
442,Trafodion,Trafodion:enterprise-classSQL-on-HBasesolutiontargetingbigdatatransactionaloroperationalworkloads
443,Elephantbird,TwitterElephantBird:librariesforworkingwithLZOP-compresseddata
444,Redhatglusterfs,RedHatGlusterFS:scale-outnetwork-attachedstoragefilesystem
445,Brooklyn,Brooklyn:librarythatsimplifiesapplicationdeploymentandmanagement
446,Tibcoactivespaces,TIBCOActiveSpaces:in-memorydatagrid
447,Succinct,SuccinctSpark:EnablingQueriesonCompressedData
448,Marklogic,MarkLogic:Schema-agnosticEnterpriseNoSQLdatabasetechnology
449,Photon,GooglePhoton:geographicallydistributedsystemforjoiningmultiplecontinuouslyflowingstreamsofdatainreal-timewithhighscalabilityandlowlatency
450,Tempoiq,TempoIQ:Cloud-basedsensoranalytics
451,Hornetq,"HornetQ:opensourceprojecttobuildamulti-protocol,embeddable,veryhighperformance,clustered,asynchronousmessagingsystem"
452,Aurora,"AmazonAurora:aMySQL-compatible,relationaldatabaseenginethatcombinesthespeedandavailabilityofhigh-endcommercialdatabaseswiththesimplicityandcost-effectivenessofopensourcedatabases"
453,Tokiocabinet,TokioCabinet:alibraryofroutinesformanagingadatabase
454,Gearman,Gearman:JobServer
455,Jaspersoft,Jaspersoft:powerfulbusinessintelligencesuite
456,Airbnbairflow,"AirBnBAirflow:AirFlowisasystemtoprogrammaticallyauthor,scheduleandmonitordatapipelines"
457,Inviso,NetflixInviso:performancefocusedBigDatatool
458,Treode,TreodeDB:key-valuestorethatsreplicatedandshardedandprovidesatomicmultirowwrites
459,Ignite,"ApacheIgnite:high-performance,integratedanddistributedin-memoryplatformforcomputingandtransactingonlarge-scaledatasetsinreal-time"
460,Whiteelephant,LinkedInWhiteElephant:logaggregatoranddashboard
461,Datasaltsplout,DatasaltSploutSQL:fullSQLqueryengineforbigdatasets
462,Oracledatabase,OracleDatabase:object-relationaldatabasemanagementsystem
463,Hamster,HamsterDB:transactionalkey-valuedatabase
464,Packetpig,PacketPig:OpenSourceBigDataSecurityAnalytics
465,Vibedatastream,VibeDataStream:streamingdatacollectionforreal-timeBigDataanalytics
466,Corona,FacebookCorona:Hadoopenhancementwhichremovessinglepointoffailure
467,Norbert,LinkedinNorbert:clustermanager
468,Elasticfile,AmazonElasticFileSystem:filestorageserviceforAmazonElasticComputeCloud(AmazonEC2)instances
469,Activepivot,"ActivePivot:JavaIn-MemoryOLAPcubestoredincolumns,withclearlydecoupledpre/postprocessing"
470,Hypertable,"Hypertable:column-orienteddistribuiteddatastore,inspiredby BigTable"
471,Activemq,ActiveMQ:opensourcemessagingandIntegrationPatternsserver
472,Unqlite,"UnQLite:ain-processsoftwarelibrarywhichimplementsaself-contained,serverless,zero-configuration,transactionalNoSQLdatabaseengine"
473,Seqpig,SeqPig:Simpleandscalablescriptingforlargesequencingdataset(ex:bioinfomation)inHadoop
474,Flume,ApacheFlume:servicetomanagelargeamountoflogdata
475,Deepcl,DeepCL:OpenCLlibrarytotraindeepconvolutionalneuralnetworks
476,Convnetjs,convnetjs:DeepLearninginJavascript.TrainConvolutionalNeuralNetworks(orordinaryones)inyourbrowser
477,Cheetah,"Cheetah:HighPerformance,CustomDataWarehouseonTopofMapReduce"
478,Stratiostreaming,StratioStreaming:theunionofareal-timemessagingbuswithacomplexeventprocessingengineusingSparkStreaming
479,Datafu,ApacheDataFu:collectionofuser-definedfunctionsfor HadoopandPigdevelopedbyLinkedIn
480,Azkaban,LinkedinAzkaban:batchworkflowjobscheduler
481,Boxtron,BoxTron:proxytomemcachedservers
482,Chronos,Chronos:distributedandfault-tolerantscheduler
483,Thrift,ApacheThrift:frameworktobuildbinaryprotocols
484,Addthishydra,AddThisHydra:distributeddataprocessingandstoragesystemoriginallydevelopedatAddThis
485,Espresso,LinkedInEspresso:horizontallyscalabledocument-orientedNoSQLdatastore
486,Intelhibench,IntelHiBench:aHadoopbenchmarksuite
487,Graphlabdato,"GraphLabDato:fast,scalableengineofGraphLabCreate,aPythonlibrary"
488,Datastore,"GoogleCloudDatastore:isafullymanaged,schemalessdatabaseforstoringnon-relationaldataoverBigTable"
489,Teradataaster,TeradataAster:BigDataAnalytics
490,Rocks,RocksDB:embeddablepersistentkey-valuestoreforfaststoragebasedonLevelDB
491,Decider,Decider:FlexibleandExtensibleMachineLearninginRuby
492,Lilyhbaseindexer,LilyHBaseIndexer:quicklyandeasilysearchforanycontentstoredinHBase
493,Hyperdex,HyperDex:nextgenerationkey-valuestore
494,Physics,"CloudPhysics:collectoperationalmetadatafromyourvirtualizedinfrastructure,thencorrelateandanalyzeittoexposeoperationalhazardsandwastethatposeathreattoyourdatacenterperformance,efficiencyanduptime"
495,Quantcastfileqfs,QuantcastFileSystemQFS:open-sourcedistributedfilesystem
496,Luigi,"SpotifyLuigi:aPythonpackageforbuildingcomplexpipelinesofbatchjobs.Ithandlesdependencyresolution,workflowmanagement,visualization,handlingfailures,commandlineintegration,andmuchmore"
497,Gridmix3,YahooGridmix3:HadoopclusterbenchmarkingfromYahooengineerteam
498,Falcon,ApacheFalcon:datamanagementframework
499,Spatial,SpatialHadoop:SpatialHadoopisaMapReduceextensiontoApacheHadoopdesignedspeciallytoworkwithspatialdata.
500,Staash,NetflixSTAASH:language-agnosticaswellasstorage-agnosticwebinterfaceforstoringdataintopersistentstoragesystems
501,Bayes,BayesDB:statisticorientedSQLdatabase
502,Dataflow,"GoogleDataflow:createdatapipelinestohelpthemæingest,transformandanalyzedata"
503,Madlib,MADlib:data-processinglibraryofanRDBMStoanalyzedata
504,Graphx,GraphX:resilientDistributedGraphSystemonSpark
505,Kafka,ApacheKafka:distributedpublish-subscribemessagingsystem
506,Arbor,Arbor:graphvisualizationlibraryusingwebworkersandjQuery
507,Memcached,FacebookMemcached:forkofMemcache
